{
	"partitions" : [
		{
			"name" : "Top",
			"pins" : [
				{
					"name" : "VGA_HS",
					"strict" : false
				},
				{
					"name" : "VGA_VS",
					"strict" : false
				},
				{
					"name" : "VGA_BLANK_N",
					"strict" : false
				},
				{
					"name" : "VGA_R[0]",
					"strict" : false
				},
				{
					"name" : "VGA_R[1]",
					"strict" : false
				},
				{
					"name" : "VGA_R[2]",
					"strict" : false
				},
				{
					"name" : "VGA_R[3]",
					"strict" : false
				},
				{
					"name" : "VGA_R[4]",
					"strict" : false
				},
				{
					"name" : "VGA_R[5]",
					"strict" : false
				},
				{
					"name" : "VGA_R[6]",
					"strict" : false
				},
				{
					"name" : "VGA_R[7]",
					"strict" : false
				},
				{
					"name" : "VGA_G[0]",
					"strict" : false
				},
				{
					"name" : "VGA_G[1]",
					"strict" : false
				},
				{
					"name" : "VGA_G[2]",
					"strict" : false
				},
				{
					"name" : "VGA_G[3]",
					"strict" : false
				},
				{
					"name" : "VGA_G[4]",
					"strict" : false
				},
				{
					"name" : "VGA_G[5]",
					"strict" : false
				},
				{
					"name" : "VGA_G[6]",
					"strict" : false
				},
				{
					"name" : "VGA_G[7]",
					"strict" : false
				},
				{
					"name" : "VGA_B[0]",
					"strict" : false
				},
				{
					"name" : "VGA_B[1]",
					"strict" : false
				},
				{
					"name" : "VGA_B[2]",
					"strict" : false
				},
				{
					"name" : "VGA_B[3]",
					"strict" : false
				},
				{
					"name" : "VGA_B[4]",
					"strict" : false
				},
				{
					"name" : "VGA_B[5]",
					"strict" : false
				},
				{
					"name" : "VGA_B[6]",
					"strict" : false
				},
				{
					"name" : "VGA_B[7]",
					"strict" : false
				},
				{
					"name" : "disp_score_p1[0]",
					"strict" : false
				},
				{
					"name" : "disp_score_p1[1]",
					"strict" : false
				},
				{
					"name" : "disp_score_p1[2]",
					"strict" : false
				},
				{
					"name" : "disp_score_p1[3]",
					"strict" : false
				},
				{
					"name" : "disp_score_p1[4]",
					"strict" : false
				},
				{
					"name" : "disp_score_p1[5]",
					"strict" : false
				},
				{
					"name" : "disp_score_p1[6]",
					"strict" : false
				},
				{
					"name" : "disp_score_p2[0]",
					"strict" : false
				},
				{
					"name" : "disp_score_p2[1]",
					"strict" : false
				},
				{
					"name" : "disp_score_p2[2]",
					"strict" : false
				},
				{
					"name" : "disp_score_p2[3]",
					"strict" : false
				},
				{
					"name" : "disp_score_p2[4]",
					"strict" : false
				},
				{
					"name" : "disp_score_p2[5]",
					"strict" : false
				},
				{
					"name" : "disp_score_p2[6]",
					"strict" : false
				},
				{
					"name" : "clk",
					"strict" : false
				},
				{
					"name" : "rst",
					"strict" : false
				},
				{
					"name" : "button[0]",
					"strict" : false
				},
				{
					"name" : "button[1]",
					"strict" : false
				},
				{
					"name" : "button[2]",
					"strict" : false
				},
				{
					"name" : "button[3]",
					"strict" : false
				}
			]
		}
	]
}